frame,duration_ms,led,r,g,b
0,100,0,0,0,0
0,100,1,0,0,0
0,100,2,0,0,0
0,100,3,0,0,0
0,100,4,0,0,0
0,100,5,0,0,0
0,100,6,0,0,0
0,100,7,0,0,0
0,100,8,0,0,0
0,100,9,0,0,0
0,100,10,0,0,0
0,100,11,0,0,0
0,100,12,0,0,0
0,100,13,0,0,0
0,100,14,0,0,0
0,100,15,0,0,0
0,100,16,0,0,0
0,100,17,0,0,0
0,100,18,0,0,0
0,100,19,0,0,0
0,100,20,0,0,0
0,100,21,0,0,0
0,100,22,0,0,0
0,100,23,0,0,0
1,100,0,10,20,40
1,100,1,10,20,40
1,100,2,10,20,40
1,100,3,10,20,40
1,100,4,10,20,40
1,100,5,10,20,40
1,100,6,10,20,40
1,100,7,10,20,40
1,100,8,10,20,40
1,100,9,10,20,40
1,100,10,10,20,40
1,100,11,10,20,40
1,100,12,10,20,40
1,100,13,10,20,40
1,100,14,10,20,40
1,100,15,10,20,40
1,100,16,10,20,40
1,100,17,10,20,40
1,100,18,10,20,40
1,100,19,10,20,40
1,100,20,10,20,40
1,100,21,10,20,40
1,100,22,10,20,40
1,100,23,10,20,40
2,100,0,20,40,80
2,100,1,20,40,80
2,100,2,20,40,80
2,100,3,20,40,80
2,100,4,20,40,80
2,100,5,20,40,80
2,100,6,20,40,80
2,100,7,20,40,80
2,100,8,20,40,80
2,100,9,20,40,80
2,100,10,20,40,80
2,100,11,20,40,80
2,100,12,20,40,80
2,100,13,20,40,80
2,100,14,20,40,80
2,100,15,20,40,80
2,100,16,20,40,80
2,100,17,20,40,80
2,100,18,20,40,80
2,100,19,20,40,80
2,100,20,20,40,80
2,100,21,20,40,80
2,100,22,20,40,80
2,100,23,20,40,80
3,100,0,40,80,160
3,100,1,40,80,160
3,100,2,40,80,160
3,100,3,40,80,160
3,100,4,40,80,160
3,100,5,40,80,160
3,100,6,40,80,160
3,100,7,40,80,160
3,100,8,40,80,160
3,100,9,40,80,160
3,100,10,40,80,160
3,100,11,40,80,160
3,100,12,40,80,160
3,100,13,40,80,160
3,100,14,40,80,160
3,100,15,40,80,160
3,100,16,40,80,160
3,100,17,40,80,160
3,100,18,40,80,160
3,100,19,40,80,160
3,100,20,40,80,160
3,100,21,40,80,160
3,100,22,40,80,160
3,100,23,40,80,160
4,100,0,80,160,255
4,100,1,80,160,255
4,100,2,80,160,255
4,100,3,80,160,255
4,100,4,80,160,255
4,100,5,80,160,255
4,100,6,80,160,255
4,100,7,80,160,255
4,100,8,80,160,255
4,100,9,80,160,255
4,100,10,80,160,255
4,100,11,80,160,255
4,100,12,80,160,255
4,100,13,80,160,255
4,100,14,80,160,255
4,100,15,80,160,255
4,100,16,80,160,255
4,100,17,80,160,255
4,100,18,80,160,255
4,100,19,80,160,255
4,100,20,80,160,255
4,100,21,80,160,255
4,100,22,80,160,255
4,100,23,80,160,255
5,200,0,120,200,255
5,200,1,120,200,255
5,200,2,120,200,255
5,200,3,120,200,255
5,200,4,120,200,255
5,200,5,120,200,255
5,200,6,120,200,255
5,200,7,120,200,255
5,200,8,120,200,255
5,200,9,120,200,255
5,200,10,120,200,255
5,200,11,120,200,255
5,200,12,120,200,255
5,200,13,120,200,255
5,200,14,120,200,255
5,200,15,120,200,255
5,200,16,120,200,255
5,200,17,120,200,255
5,200,18,120,200,255
5,200,19,120,200,255
5,200,20,120,200,255
5,200,21,120,200,255
5,200,22,120,200,255
5,200,23,120,200,255
6,100,0,80,160,255
6,100,1,80,160,255
6,100,2,80,160,255
6,100,3,80,160,255
6,100,4,80,160,255
6,100,5,80,160,255
6,100,6,80,160,255
6,100,7,80,160,255
6,100,8,80,160,255
6,100,9,80,160,255
6,100,10,80,160,255
6,100,11,80,160,255
6,100,12,80,160,255
6,100,13,80,160,255
6,100,14,80,160,255
6,100,15,80,160,255
6,100,16,80,160,255
6,100,17,80,160,255
6,100,18,80,160,255
6,100,19,80,160,255
6,100,20,80,160,255
6,100,21,80,160,255
6,100,22,80,160,255
6,100,23,80,160,255
7,100,0,40,80,160
7,100,1,40,80,160
7,100,2,40,80,160
7,100,3,40,80,160
7,100,4,40,80,160
7,100,5,40,80,160
7,100,6,40,80,160
7,100,7,40,80,160
7,100,8,40,80,160
7,100,9,40,80,160
7,100,10,40,80,160
7,100,11,40,80,160
7,100,12,40,80,160
7,100,13,40,80,160
7,100,14,40,80,160
7,100,15,40,80,160
7,100,16,40,80,160
7,100,17,40,80,160
7,100,18,40,80,160
7,100,19,40,80,160
7,100,20,40,80,160
7,100,21,40,80,160
7,100,22,40,80,160
7,100,23,40,80,160
8,100,0,20,40,80
8,100,1,20,40,80
8,100,2,20,40,80
8,100,3,20,40,80
8,100,4,20,40,80
8,100,5,20,40,80
8,100,6,20,40,80
8,100,7,20,40,80
8,100,8,20,40,80
8,100,9,20,40,80
8,100,10,20,40,80
8,100,11,20,40,80
8,100,12,20,40,80
8,100,13,20,40,80
8,100,14,20,40,80
8,100,15,20,40,80
8,100,16,20,40,80
8,100,17,20,40,80
8,100,18,20,40,80
8,100,19,20,40,80
8,100,20,20,40,80
8,100,21,20,40,80
8,100,22,20,40,80
8,100,23,20,40,80
9,100,0,10,20,40
9,100,1,10,20,40
9,100,2,10,20,40
9,100,3,10,20,40
9,100,4,10,20,40
9,100,5,10,20,40
9,100,6,10,20,40
9,100,7,10,20,40
9,100,8,10,20,40
9,100,9,10,20,40
9,100,10,10,20,40
9,100,11,10,20,40
9,100,12,10,20,40
9,100,13,10,20,40
9,100,14,10,20,40
9,100,15,10,20,40
9,100,16,10,20,40
9,100,17,10,20,40
9,100,18,10,20,40
9,100,19,10,20,40
9,100,20,10,20,40
9,100,21,10,20,40
9,100,22,10,20,40
9,100,23,10,20,40
10,100,0,0,0,0
10,100,1,0,0,0
10,100,2,0,0,0
10,100,3,0,0,0
10,100,4,0,0,0
10,100,5,0,0,0
10,100,6,0,0,0
10,100,7,0,0,0
10,100,8,0,0,0
10,100,9,0,0,0
10,100,10,0,0,0
10,100,11,0,0,0
10,100,12,0,0,0
10,100,13,0,0,0
10,100,14,0,0,0
10,100,15,0,0,0
10,100,16,0,0,0
10,100,17,0,0,0
10,100,18,0,0,0
10,100,19,0,0,0
10,100,20,0,0,0
10,100,21,0,0,0
10,100,22,0,0,0
10,100,23,0,0,0
